--
-- PostgreSQL database dump
--

-- Dumped from database version 16.3 (Debian 16.3-1.pgdg120+1)
-- Dumped by pg_dump version 16.3 (Debian 16.3-1.pgdg120+1)

SET statement_timeout = 0;
SET lock_timeout = 0;
SET idle_in_transaction_session_timeout = 0;
SET client_encoding = 'UTF8';
SET standard_conforming_strings = on;
SELECT pg_catalog.set_config('search_path', '', false);
SET check_function_bodies = false;
SET xmloption = content;
SET client_min_messages = warning;
SET row_security = off;

SET default_tablespace = '';

SET default_table_access_method = heap;

--
-- Name: afiha_event; Type: TABLE; Schema: public; Owner: master_afiha
--

CREATE TABLE public.afiha_event (
    id bigint NOT NULL,
    event_time timestamp with time zone NOT NULL,
    is_published boolean NOT NULL,
    post_id bigint NOT NULL
);


ALTER TABLE public.afiha_event OWNER TO master_afiha;

--
-- Name: afiha_event_id_seq; Type: SEQUENCE; Schema: public; Owner: master_afiha
--

ALTER TABLE public.afiha_event ALTER COLUMN id ADD GENERATED BY DEFAULT AS IDENTITY (
    SEQUENCE NAME public.afiha_event_id_seq
    START WITH 1
    INCREMENT BY 1
    NO MINVALUE
    NO MAXVALUE
    CACHE 1
);


--
-- Name: afiha_news; Type: TABLE; Schema: public; Owner: master_afiha
--

CREATE TABLE public.afiha_news (
    id bigint NOT NULL,
    title character varying(255) NOT NULL,
    content text NOT NULL,
    url_img character varying(100) NOT NULL,
    time_creats timestamp with time zone NOT NULL
);


ALTER TABLE public.afiha_news OWNER TO master_afiha;

--
-- Name: afiha_news_id_seq; Type: SEQUENCE; Schema: public; Owner: master_afiha
--

ALTER TABLE public.afiha_news ALTER COLUMN id ADD GENERATED BY DEFAULT AS IDENTITY (
    SEQUENCE NAME public.afiha_news_id_seq
    START WITH 1
    INCREMENT BY 1
    NO MINVALUE
    NO MAXVALUE
    CACHE 1
);


--
-- Name: afiha_posts; Type: TABLE; Schema: public; Owner: master_afiha
--

CREATE TABLE public.afiha_posts (
    id bigint NOT NULL,
    content text NOT NULL,
    url_img character varying(100) NOT NULL,
    title character varying(255) NOT NULL
);


ALTER TABLE public.afiha_posts OWNER TO master_afiha;

--
-- Name: afiha_posts_id_seq; Type: SEQUENCE; Schema: public; Owner: master_afiha
--

ALTER TABLE public.afiha_posts ALTER COLUMN id ADD GENERATED BY DEFAULT AS IDENTITY (
    SEQUENCE NAME public.afiha_posts_id_seq
    START WITH 1
    INCREMENT BY 1
    NO MINVALUE
    NO MAXVALUE
    CACHE 1
);


--
-- Name: auth_group; Type: TABLE; Schema: public; Owner: master_afiha
--

CREATE TABLE public.auth_group (
    id integer NOT NULL,
    name character varying(150) NOT NULL
);


ALTER TABLE public.auth_group OWNER TO master_afiha;

--
-- Name: auth_group_id_seq; Type: SEQUENCE; Schema: public; Owner: master_afiha
--

ALTER TABLE public.auth_group ALTER COLUMN id ADD GENERATED BY DEFAULT AS IDENTITY (
    SEQUENCE NAME public.auth_group_id_seq
    START WITH 1
    INCREMENT BY 1
    NO MINVALUE
    NO MAXVALUE
    CACHE 1
);


--
-- Name: auth_group_permissions; Type: TABLE; Schema: public; Owner: master_afiha
--

CREATE TABLE public.auth_group_permissions (
    id bigint NOT NULL,
    group_id integer NOT NULL,
    permission_id integer NOT NULL
);


ALTER TABLE public.auth_group_permissions OWNER TO master_afiha;

--
-- Name: auth_group_permissions_id_seq; Type: SEQUENCE; Schema: public; Owner: master_afiha
--

ALTER TABLE public.auth_group_permissions ALTER COLUMN id ADD GENERATED BY DEFAULT AS IDENTITY (
    SEQUENCE NAME public.auth_group_permissions_id_seq
    START WITH 1
    INCREMENT BY 1
    NO MINVALUE
    NO MAXVALUE
    CACHE 1
);


--
-- Name: auth_permission; Type: TABLE; Schema: public; Owner: master_afiha
--

CREATE TABLE public.auth_permission (
    id integer NOT NULL,
    name character varying(255) NOT NULL,
    content_type_id integer NOT NULL,
    codename character varying(100) NOT NULL
);


ALTER TABLE public.auth_permission OWNER TO master_afiha;

--
-- Name: auth_permission_id_seq; Type: SEQUENCE; Schema: public; Owner: master_afiha
--

ALTER TABLE public.auth_permission ALTER COLUMN id ADD GENERATED BY DEFAULT AS IDENTITY (
    SEQUENCE NAME public.auth_permission_id_seq
    START WITH 1
    INCREMENT BY 1
    NO MINVALUE
    NO MAXVALUE
    CACHE 1
);


--
-- Name: auth_user; Type: TABLE; Schema: public; Owner: master_afiha
--

CREATE TABLE public.auth_user (
    id integer NOT NULL,
    password character varying(128) NOT NULL,
    last_login timestamp with time zone,
    is_superuser boolean NOT NULL,
    username character varying(150) NOT NULL,
    first_name character varying(150) NOT NULL,
    last_name character varying(150) NOT NULL,
    email character varying(254) NOT NULL,
    is_staff boolean NOT NULL,
    is_active boolean NOT NULL,
    date_joined timestamp with time zone NOT NULL
);


ALTER TABLE public.auth_user OWNER TO master_afiha;

--
-- Name: auth_user_groups; Type: TABLE; Schema: public; Owner: master_afiha
--

CREATE TABLE public.auth_user_groups (
    id bigint NOT NULL,
    user_id integer NOT NULL,
    group_id integer NOT NULL
);


ALTER TABLE public.auth_user_groups OWNER TO master_afiha;

--
-- Name: auth_user_groups_id_seq; Type: SEQUENCE; Schema: public; Owner: master_afiha
--

ALTER TABLE public.auth_user_groups ALTER COLUMN id ADD GENERATED BY DEFAULT AS IDENTITY (
    SEQUENCE NAME public.auth_user_groups_id_seq
    START WITH 1
    INCREMENT BY 1
    NO MINVALUE
    NO MAXVALUE
    CACHE 1
);


--
-- Name: auth_user_id_seq; Type: SEQUENCE; Schema: public; Owner: master_afiha
--

ALTER TABLE public.auth_user ALTER COLUMN id ADD GENERATED BY DEFAULT AS IDENTITY (
    SEQUENCE NAME public.auth_user_id_seq
    START WITH 1
    INCREMENT BY 1
    NO MINVALUE
    NO MAXVALUE
    CACHE 1
);


--
-- Name: auth_user_user_permissions; Type: TABLE; Schema: public; Owner: master_afiha
--

CREATE TABLE public.auth_user_user_permissions (
    id bigint NOT NULL,
    user_id integer NOT NULL,
    permission_id integer NOT NULL
);


ALTER TABLE public.auth_user_user_permissions OWNER TO master_afiha;

--
-- Name: auth_user_user_permissions_id_seq; Type: SEQUENCE; Schema: public; Owner: master_afiha
--

ALTER TABLE public.auth_user_user_permissions ALTER COLUMN id ADD GENERATED BY DEFAULT AS IDENTITY (
    SEQUENCE NAME public.auth_user_user_permissions_id_seq
    START WITH 1
    INCREMENT BY 1
    NO MINVALUE
    NO MAXVALUE
    CACHE 1
);


--
-- Name: django_admin_log; Type: TABLE; Schema: public; Owner: master_afiha
--

CREATE TABLE public.django_admin_log (
    id integer NOT NULL,
    action_time timestamp with time zone NOT NULL,
    object_id text,
    object_repr character varying(200) NOT NULL,
    action_flag smallint NOT NULL,
    change_message text NOT NULL,
    content_type_id integer,
    user_id integer NOT NULL,
    CONSTRAINT django_admin_log_action_flag_check CHECK ((action_flag >= 0))
);


ALTER TABLE public.django_admin_log OWNER TO master_afiha;

--
-- Name: django_admin_log_id_seq; Type: SEQUENCE; Schema: public; Owner: master_afiha
--

ALTER TABLE public.django_admin_log ALTER COLUMN id ADD GENERATED BY DEFAULT AS IDENTITY (
    SEQUENCE NAME public.django_admin_log_id_seq
    START WITH 1
    INCREMENT BY 1
    NO MINVALUE
    NO MAXVALUE
    CACHE 1
);


--
-- Name: django_content_type; Type: TABLE; Schema: public; Owner: master_afiha
--

CREATE TABLE public.django_content_type (
    id integer NOT NULL,
    app_label character varying(100) NOT NULL,
    model character varying(100) NOT NULL
);


ALTER TABLE public.django_content_type OWNER TO master_afiha;

--
-- Name: django_content_type_id_seq; Type: SEQUENCE; Schema: public; Owner: master_afiha
--

ALTER TABLE public.django_content_type ALTER COLUMN id ADD GENERATED BY DEFAULT AS IDENTITY (
    SEQUENCE NAME public.django_content_type_id_seq
    START WITH 1
    INCREMENT BY 1
    NO MINVALUE
    NO MAXVALUE
    CACHE 1
);


--
-- Name: django_migrations; Type: TABLE; Schema: public; Owner: master_afiha
--

CREATE TABLE public.django_migrations (
    id bigint NOT NULL,
    app character varying(255) NOT NULL,
    name character varying(255) NOT NULL,
    applied timestamp with time zone NOT NULL
);


ALTER TABLE public.django_migrations OWNER TO master_afiha;

--
-- Name: django_migrations_id_seq; Type: SEQUENCE; Schema: public; Owner: master_afiha
--

ALTER TABLE public.django_migrations ALTER COLUMN id ADD GENERATED BY DEFAULT AS IDENTITY (
    SEQUENCE NAME public.django_migrations_id_seq
    START WITH 1
    INCREMENT BY 1
    NO MINVALUE
    NO MAXVALUE
    CACHE 1
);


--
-- Name: django_session; Type: TABLE; Schema: public; Owner: master_afiha
--

CREATE TABLE public.django_session (
    session_key character varying(40) NOT NULL,
    session_data text NOT NULL,
    expire_date timestamp with time zone NOT NULL
);


ALTER TABLE public.django_session OWNER TO master_afiha;

--
-- Name: test_table; Type: TABLE; Schema: public; Owner: master_afiha
--

CREATE TABLE public.test_table (
    id integer NOT NULL,
    name character varying(100) NOT NULL
);


ALTER TABLE public.test_table OWNER TO master_afiha;

--
-- Name: test_table_id_seq; Type: SEQUENCE; Schema: public; Owner: master_afiha
--

CREATE SEQUENCE public.test_table_id_seq
    AS integer
    START WITH 1
    INCREMENT BY 1
    NO MINVALUE
    NO MAXVALUE
    CACHE 1;


ALTER SEQUENCE public.test_table_id_seq OWNER TO master_afiha;

--
-- Name: test_table_id_seq; Type: SEQUENCE OWNED BY; Schema: public; Owner: master_afiha
--

ALTER SEQUENCE public.test_table_id_seq OWNED BY public.test_table.id;


--
-- Name: test_table id; Type: DEFAULT; Schema: public; Owner: master_afiha
--

ALTER TABLE ONLY public.test_table ALTER COLUMN id SET DEFAULT nextval('public.test_table_id_seq'::regclass);


--
-- Data for Name: afiha_event; Type: TABLE DATA; Schema: public; Owner: master_afiha
--

COPY public.afiha_event (id, event_time, is_published, post_id) FROM stdin;
3	2024-07-17 12:00:00+00	f	4
4	2024-08-15 18:00:00+00	t	1
2	2024-07-27 19:00:00+00	t	2
1	2024-07-26 20:05:00+00	t	3
\.


--
-- Data for Name: afiha_news; Type: TABLE DATA; Schema: public; Owner: master_afiha
--

COPY public.afiha_news (id, title, content, url_img, time_creats) FROM stdin;
1	Переносы / Отмена мероприятий	1.04.2023 г. в 19.00 час.  концерт Опера vs. Оперетта - ПЕРЕНОС на 05.06.2023 г. в 19.00 час.	media/main_afisha_71aTXLq.png	2024-06-28 20:13:06.112+00
\.


--
-- Data for Name: afiha_posts; Type: TABLE DATA; Schema: public; Owner: master_afiha
--

COPY public.afiha_posts (id, content, url_img, title) FROM stdin;
1	В мрачном и таинственном городке разыгрывается история любви и предательства, где каждый персонаж скрывает темное прошлое. Сюжет разворачивается вокруг молодой женщины, которая стремится раскрыть тайны своих предков и обнаруживает, что они тесно связаны с мистическими событиями, происходящими в настоящем. Завораживающая атмосфера и интригующий сюжет не оставят зрителя равнодушным.	media/thumb-slider__image.png	Тени прошлого
4	Романтическая комедия, действие которой разворачивается на роскошном балу под открытым небом. Молодой граф Артемий, уставший от светских обязанностей, решает провести вечер инкогнито. На балу он встречает загадочную девушку, которая покоряет его сердце. Но когда полночь близится, девушка исчезает, оставив лишь таинственный знак. Артемий начинает искать свою возлюбленную, и в процессе раскрываются удивительные секреты его семьи и друзей.	media/main_afisha.png	Бал под звездами
3	Фантастическая драма о борьбе людей и природы. В маленькой деревне, расположенной на краю огромного леса, местные жители начинают слышать таинственные голоса, исходящие из глубин чащи. Легенды говорят, что лес одушевлен, и его голос предупреждает о надвигающейся опасности. Главная героиня, юная девушка Анна, стремится понять послание леса и спасти свою деревню от грядущей беды. Спектакль наполнен волшебством, загадками и яркими природными образами, создающими атмосферу древней мифологии.	media/main_afisha_A6CqoEN.png	Голос леса
2	В недалеком будущем, где человечество достигло невероятных технологических высот, группа ученых случайно обнаруживает способ путешествия во времени через сны. Главный герой, ученый по имени Алексей, сталкивается с выбором: использовать свои открытия для спасения мира или для личной выгоды. Спектакль переплетается с философскими размышлениями о природе времени и судьбы, а также предлагает зрителям задуматься о моральных аспектах научного прогресса.	media/thumb-slider__image2.png	Сны о будущем
5	Каким будет будущее трудно предугадать. Писатели-фантасты по-разному описывают будущее. Но в большинстве случаев они сходны в одном: в обществе людей появятся роботы, у которых будет искусственный интеллект, и люди начнут переселяться на другие планеты. Возможно, так оно и будет. Ведь когда-то люди думали, что земля плоская, но когда стали бороздить просторы океана и открывать материки, то поняли, что дела обстоит совсем по-другому.\r\n\r\nСо временем люди также начнут открывать новые планеты, как когда-то открывали новые материки. Человек не может сидеть на месте, он устремлен в будущее, перед ним еще множество тайн, которые ему предстоит раскрыть.	media/irga_amelanchier_lamarckii_schirmform.webp	Будущее
\.


--
-- Data for Name: auth_group; Type: TABLE DATA; Schema: public; Owner: master_afiha
--

COPY public.auth_group (id, name) FROM stdin;
\.


--
-- Data for Name: auth_group_permissions; Type: TABLE DATA; Schema: public; Owner: master_afiha
--

COPY public.auth_group_permissions (id, group_id, permission_id) FROM stdin;
\.


--
-- Data for Name: auth_permission; Type: TABLE DATA; Schema: public; Owner: master_afiha
--

COPY public.auth_permission (id, name, content_type_id, codename) FROM stdin;
1	Can add log entry	1	add_logentry
2	Can change log entry	1	change_logentry
3	Can delete log entry	1	delete_logentry
4	Can view log entry	1	view_logentry
5	Can add permission	2	add_permission
6	Can change permission	2	change_permission
7	Can delete permission	2	delete_permission
8	Can view permission	2	view_permission
9	Can add group	3	add_group
10	Can change group	3	change_group
11	Can delete group	3	delete_group
12	Can view group	3	view_group
13	Can add user	4	add_user
14	Can change user	4	change_user
15	Can delete user	4	delete_user
16	Can view user	4	view_user
17	Can add content type	5	add_contenttype
18	Can change content type	5	change_contenttype
19	Can delete content type	5	delete_contenttype
20	Can view content type	5	view_contenttype
21	Can add session	6	add_session
22	Can change session	6	change_session
23	Can delete session	6	delete_session
24	Can view session	6	view_session
25	Can add posts	7	add_posts
26	Can change posts	7	change_posts
27	Can delete posts	7	delete_posts
28	Can view posts	7	view_posts
29	Can add news	8	add_news
30	Can change news	8	change_news
31	Can delete news	8	delete_news
32	Can view news	8	view_news
33	Can add event	9	add_event
34	Can change event	9	change_event
35	Can delete event	9	delete_event
36	Can view event	9	view_event
\.


--
-- Data for Name: auth_user; Type: TABLE DATA; Schema: public; Owner: master_afiha
--

COPY public.auth_user (id, password, last_login, is_superuser, username, first_name, last_name, email, is_staff, is_active, date_joined) FROM stdin;
1	pbkdf2_sha256$600000$Pq56Mo5HFqFpuaAMe8f7c0$0lHLaX44+DChXnWp4a8+2vvTjCkOzxAU7np25O48D/E=	2024-07-01 18:03:12.872393+00	t	root			root@afiha.com	t	t	2024-07-01 18:02:45.660809+00
\.


--
-- Data for Name: auth_user_groups; Type: TABLE DATA; Schema: public; Owner: master_afiha
--

COPY public.auth_user_groups (id, user_id, group_id) FROM stdin;
\.


--
-- Data for Name: auth_user_user_permissions; Type: TABLE DATA; Schema: public; Owner: master_afiha
--

COPY public.auth_user_user_permissions (id, user_id, permission_id) FROM stdin;
\.


--
-- Data for Name: django_admin_log; Type: TABLE DATA; Schema: public; Owner: master_afiha
--

COPY public.django_admin_log (id, action_time, object_id, object_repr, action_flag, change_message, content_type_id, user_id) FROM stdin;
1	2024-07-01 19:07:19.562914+00	1	2024-07-06 20:05:00+00:00	2	[{"changed": {"fields": ["Is published"]}}]	9	1
2	2024-07-01 19:08:09.921357+00	3	2024-07-17 12:00:00+00:00	1	[{"added": {}}]	9	1
3	2024-07-02 19:43:05.525911+00	4	Бал под звездами	2	[{"changed": {"fields": ["\\u041a\\u0430\\u0440\\u0442\\u0438\\u043d\\u043a\\u0430"]}}]	7	1
4	2024-07-02 19:57:44.730738+00	4	Бал под звездами	2	[{"changed": {"fields": ["\\u041a\\u0430\\u0440\\u0442\\u0438\\u043d\\u043a\\u0430"]}}]	7	1
5	2024-07-02 19:58:19.367528+00	3	Голос леса	2	[{"changed": {"fields": ["\\u041a\\u0430\\u0440\\u0442\\u0438\\u043d\\u043a\\u0430"]}}]	7	1
6	2024-07-02 20:02:31.582996+00	2	Сны о будущем	2	[{"changed": {"fields": ["\\u041a\\u0430\\u0440\\u0442\\u0438\\u043d\\u043a\\u0430"]}}]	7	1
7	2024-07-02 20:02:43.800342+00	1	Тени прошлого	2	[{"changed": {"fields": ["\\u041a\\u0430\\u0440\\u0442\\u0438\\u043d\\u043a\\u0430"]}}]	7	1
8	2024-07-02 20:09:00.424611+00	1	Переносы / Отмена мероприятий	2	[{"changed": {"fields": ["Url img"]}}]	8	1
9	2024-07-02 20:12:14.10408+00	4	2024-08-15 18:00:00+00:00	1	[{"added": {}}]	9	1
10	2024-07-05 09:43:39.802354+00	5	Будущее	1	[{"added": {}}]	7	1
11	2024-07-05 16:18:37.797401+00	5	Будущее	2	[{"changed": {"fields": ["\\u041a\\u0430\\u0440\\u0442\\u0438\\u043d\\u043a\\u0430"]}}]	7	1
12	2024-07-05 21:12:13.449722+00	2	2024-07-27 19:00:00+00:00	2	[{"changed": {"fields": ["\\u0414\\u0430\\u0442\\u0430 \\u0438 \\u0432\\u0440\\u0435\\u043c\\u044f \\u043f\\u0440\\u0435\\u0434\\u0441\\u0442\\u0430\\u0432\\u043b\\u0435\\u043d\\u0438\\u044f"]}}]	9	1
13	2024-07-05 21:12:21.575391+00	1	2024-07-26 20:05:00+00:00	2	[{"changed": {"fields": ["\\u0414\\u0430\\u0442\\u0430 \\u0438 \\u0432\\u0440\\u0435\\u043c\\u044f \\u043f\\u0440\\u0435\\u0434\\u0441\\u0442\\u0430\\u0432\\u043b\\u0435\\u043d\\u0438\\u044f"]}}]	9	1
\.


--
-- Data for Name: django_content_type; Type: TABLE DATA; Schema: public; Owner: master_afiha
--

COPY public.django_content_type (id, app_label, model) FROM stdin;
1	admin	logentry
2	auth	permission
3	auth	group
4	auth	user
5	contenttypes	contenttype
6	sessions	session
7	afiha	posts
8	afiha	news
9	afiha	event
\.


--
-- Data for Name: django_migrations; Type: TABLE DATA; Schema: public; Owner: master_afiha
--

COPY public.django_migrations (id, app, name, applied) FROM stdin;
1	contenttypes	0001_initial	2024-06-30 13:03:35.326557+00
2	auth	0001_initial	2024-06-30 13:03:36.133568+00
3	admin	0001_initial	2024-06-30 13:03:36.433228+00
4	admin	0002_logentry_remove_auto_add	2024-06-30 13:03:36.46381+00
5	admin	0003_logentry_add_action_flag_choices	2024-06-30 13:03:36.503813+00
6	afiha	0001_initial	2024-06-30 13:03:36.601306+00
7	afiha	0002_posts_title	2024-06-30 13:03:36.64122+00
8	afiha	0003_news_alter_posts_options_and_more	2024-06-30 13:03:36.802276+00
9	afiha	0004_event_alter_posts_options_and_more	2024-06-30 13:03:37.035753+00
10	contenttypes	0002_remove_content_type_name	2024-06-30 13:03:37.078339+00
11	auth	0002_alter_permission_name_max_length	2024-06-30 13:03:37.118665+00
12	auth	0003_alter_user_email_max_length	2024-06-30 13:03:37.157436+00
13	auth	0004_alter_user_username_opts	2024-06-30 13:03:37.194612+00
14	auth	0005_alter_user_last_login_null	2024-06-30 13:03:37.232736+00
15	auth	0006_require_contenttypes_0002	2024-06-30 13:03:37.266364+00
16	auth	0007_alter_validators_add_error_messages	2024-06-30 13:03:37.297321+00
17	auth	0008_alter_user_username_max_length	2024-06-30 13:03:37.4191+00
18	auth	0009_alter_user_last_name_max_length	2024-06-30 13:03:37.481222+00
19	auth	0010_alter_group_name_max_length	2024-06-30 13:03:37.5213+00
20	auth	0011_update_proxy_permissions	2024-06-30 13:03:37.558464+00
21	auth	0012_alter_user_first_name_max_length	2024-06-30 13:03:37.594762+00
22	sessions	0001_initial	2024-06-30 13:03:37.798772+00
23	afiha	0005_alter_event_options_alter_posts_options_and_more	2024-07-02 16:49:57.291641+00
24	afiha	0006_alter_news_url_img	2024-07-02 20:06:03.125481+00
\.


--
-- Data for Name: django_session; Type: TABLE DATA; Schema: public; Owner: master_afiha
--

COPY public.django_session (session_key, session_data, expire_date) FROM stdin;
qpr9u0e3joa2ej8udg7jp326lopyu7cu	.eJxVjMsOwiAQRf-FtSGUDo-6dO83kJkBpGogKe3K-O_apAvd3nPOfYmA21rC1tMS5ijOYhCn342QH6nuIN6x3prkVtdlJrkr8qBdXltMz8vh_h0U7OVbk3GcvdY0KmXBRO_RRcbMHkgBGUOTgglVGo2OJitvHeSBRnZJW8hOvD_fDzej:1sOLMu:s01l8FWMQsuriRoJK1YtfKvUzBsXmXJJYTE4LqtxyhU	2024-07-15 18:03:12.995538+00
\.


--
-- Data for Name: test_table; Type: TABLE DATA; Schema: public; Owner: master_afiha
--

COPY public.test_table (id, name) FROM stdin;
1	Test 1
2	Test 2
\.


--
-- Name: afiha_event_id_seq; Type: SEQUENCE SET; Schema: public; Owner: master_afiha
--

SELECT pg_catalog.setval('public.afiha_event_id_seq', 4, true);


--
-- Name: afiha_news_id_seq; Type: SEQUENCE SET; Schema: public; Owner: master_afiha
--

SELECT pg_catalog.setval('public.afiha_news_id_seq', 1, true);


--
-- Name: afiha_posts_id_seq; Type: SEQUENCE SET; Schema: public; Owner: master_afiha
--

SELECT pg_catalog.setval('public.afiha_posts_id_seq', 5, true);


--
-- Name: auth_group_id_seq; Type: SEQUENCE SET; Schema: public; Owner: master_afiha
--

SELECT pg_catalog.setval('public.auth_group_id_seq', 1, false);


--
-- Name: auth_group_permissions_id_seq; Type: SEQUENCE SET; Schema: public; Owner: master_afiha
--

SELECT pg_catalog.setval('public.auth_group_permissions_id_seq', 1, false);


--
-- Name: auth_permission_id_seq; Type: SEQUENCE SET; Schema: public; Owner: master_afiha
--

SELECT pg_catalog.setval('public.auth_permission_id_seq', 36, true);


--
-- Name: auth_user_groups_id_seq; Type: SEQUENCE SET; Schema: public; Owner: master_afiha
--

SELECT pg_catalog.setval('public.auth_user_groups_id_seq', 1, false);


--
-- Name: auth_user_id_seq; Type: SEQUENCE SET; Schema: public; Owner: master_afiha
--

SELECT pg_catalog.setval('public.auth_user_id_seq', 1, true);


--
-- Name: auth_user_user_permissions_id_seq; Type: SEQUENCE SET; Schema: public; Owner: master_afiha
--

SELECT pg_catalog.setval('public.auth_user_user_permissions_id_seq', 1, false);


--
-- Name: django_admin_log_id_seq; Type: SEQUENCE SET; Schema: public; Owner: master_afiha
--

SELECT pg_catalog.setval('public.django_admin_log_id_seq', 13, true);


--
-- Name: django_content_type_id_seq; Type: SEQUENCE SET; Schema: public; Owner: master_afiha
--

SELECT pg_catalog.setval('public.django_content_type_id_seq', 9, true);


--
-- Name: django_migrations_id_seq; Type: SEQUENCE SET; Schema: public; Owner: master_afiha
--

SELECT pg_catalog.setval('public.django_migrations_id_seq', 24, true);


--
-- Name: test_table_id_seq; Type: SEQUENCE SET; Schema: public; Owner: master_afiha
--

SELECT pg_catalog.setval('public.test_table_id_seq', 2, true);


--
-- Name: afiha_event afiha_event_pkey; Type: CONSTRAINT; Schema: public; Owner: master_afiha
--

ALTER TABLE ONLY public.afiha_event
    ADD CONSTRAINT afiha_event_pkey PRIMARY KEY (id);


--
-- Name: afiha_news afiha_news_pkey; Type: CONSTRAINT; Schema: public; Owner: master_afiha
--

ALTER TABLE ONLY public.afiha_news
    ADD CONSTRAINT afiha_news_pkey PRIMARY KEY (id);


--
-- Name: afiha_posts afiha_posts_pkey; Type: CONSTRAINT; Schema: public; Owner: master_afiha
--

ALTER TABLE ONLY public.afiha_posts
    ADD CONSTRAINT afiha_posts_pkey PRIMARY KEY (id);


--
-- Name: auth_group auth_group_name_key; Type: CONSTRAINT; Schema: public; Owner: master_afiha
--

ALTER TABLE ONLY public.auth_group
    ADD CONSTRAINT auth_group_name_key UNIQUE (name);


--
-- Name: auth_group_permissions auth_group_permissions_group_id_permission_id_0cd325b0_uniq; Type: CONSTRAINT; Schema: public; Owner: master_afiha
--

ALTER TABLE ONLY public.auth_group_permissions
    ADD CONSTRAINT auth_group_permissions_group_id_permission_id_0cd325b0_uniq UNIQUE (group_id, permission_id);


--
-- Name: auth_group_permissions auth_group_permissions_pkey; Type: CONSTRAINT; Schema: public; Owner: master_afiha
--

ALTER TABLE ONLY public.auth_group_permissions
    ADD CONSTRAINT auth_group_permissions_pkey PRIMARY KEY (id);


--
-- Name: auth_group auth_group_pkey; Type: CONSTRAINT; Schema: public; Owner: master_afiha
--

ALTER TABLE ONLY public.auth_group
    ADD CONSTRAINT auth_group_pkey PRIMARY KEY (id);


--
-- Name: auth_permission auth_permission_content_type_id_codename_01ab375a_uniq; Type: CONSTRAINT; Schema: public; Owner: master_afiha
--

ALTER TABLE ONLY public.auth_permission
    ADD CONSTRAINT auth_permission_content_type_id_codename_01ab375a_uniq UNIQUE (content_type_id, codename);


--
-- Name: auth_permission auth_permission_pkey; Type: CONSTRAINT; Schema: public; Owner: master_afiha
--

ALTER TABLE ONLY public.auth_permission
    ADD CONSTRAINT auth_permission_pkey PRIMARY KEY (id);


--
-- Name: auth_user_groups auth_user_groups_pkey; Type: CONSTRAINT; Schema: public; Owner: master_afiha
--

ALTER TABLE ONLY public.auth_user_groups
    ADD CONSTRAINT auth_user_groups_pkey PRIMARY KEY (id);


--
-- Name: auth_user_groups auth_user_groups_user_id_group_id_94350c0c_uniq; Type: CONSTRAINT; Schema: public; Owner: master_afiha
--

ALTER TABLE ONLY public.auth_user_groups
    ADD CONSTRAINT auth_user_groups_user_id_group_id_94350c0c_uniq UNIQUE (user_id, group_id);


--
-- Name: auth_user auth_user_pkey; Type: CONSTRAINT; Schema: public; Owner: master_afiha
--

ALTER TABLE ONLY public.auth_user
    ADD CONSTRAINT auth_user_pkey PRIMARY KEY (id);


--
-- Name: auth_user_user_permissions auth_user_user_permissions_pkey; Type: CONSTRAINT; Schema: public; Owner: master_afiha
--

ALTER TABLE ONLY public.auth_user_user_permissions
    ADD CONSTRAINT auth_user_user_permissions_pkey PRIMARY KEY (id);


--
-- Name: auth_user_user_permissions auth_user_user_permissions_user_id_permission_id_14a6b632_uniq; Type: CONSTRAINT; Schema: public; Owner: master_afiha
--

ALTER TABLE ONLY public.auth_user_user_permissions
    ADD CONSTRAINT auth_user_user_permissions_user_id_permission_id_14a6b632_uniq UNIQUE (user_id, permission_id);


--
-- Name: auth_user auth_user_username_key; Type: CONSTRAINT; Schema: public; Owner: master_afiha
--

ALTER TABLE ONLY public.auth_user
    ADD CONSTRAINT auth_user_username_key UNIQUE (username);


--
-- Name: django_admin_log django_admin_log_pkey; Type: CONSTRAINT; Schema: public; Owner: master_afiha
--

ALTER TABLE ONLY public.django_admin_log
    ADD CONSTRAINT django_admin_log_pkey PRIMARY KEY (id);


--
-- Name: django_content_type django_content_type_app_label_model_76bd3d3b_uniq; Type: CONSTRAINT; Schema: public; Owner: master_afiha
--

ALTER TABLE ONLY public.django_content_type
    ADD CONSTRAINT django_content_type_app_label_model_76bd3d3b_uniq UNIQUE (app_label, model);


--
-- Name: django_content_type django_content_type_pkey; Type: CONSTRAINT; Schema: public; Owner: master_afiha
--

ALTER TABLE ONLY public.django_content_type
    ADD CONSTRAINT django_content_type_pkey PRIMARY KEY (id);


--
-- Name: django_migrations django_migrations_pkey; Type: CONSTRAINT; Schema: public; Owner: master_afiha
--

ALTER TABLE ONLY public.django_migrations
    ADD CONSTRAINT django_migrations_pkey PRIMARY KEY (id);


--
-- Name: django_session django_session_pkey; Type: CONSTRAINT; Schema: public; Owner: master_afiha
--

ALTER TABLE ONLY public.django_session
    ADD CONSTRAINT django_session_pkey PRIMARY KEY (session_key);


--
-- Name: test_table test_table_pkey; Type: CONSTRAINT; Schema: public; Owner: master_afiha
--

ALTER TABLE ONLY public.test_table
    ADD CONSTRAINT test_table_pkey PRIMARY KEY (id);


--
-- Name: afiha_event_event_t_2c82ee_idx; Type: INDEX; Schema: public; Owner: master_afiha
--

CREATE INDEX afiha_event_event_t_2c82ee_idx ON public.afiha_event USING btree (event_time DESC);


--
-- Name: afiha_event_post_id_267ad69b; Type: INDEX; Schema: public; Owner: master_afiha
--

CREATE INDEX afiha_event_post_id_267ad69b ON public.afiha_event USING btree (post_id);


--
-- Name: afiha_posts_title_0253fc93; Type: INDEX; Schema: public; Owner: master_afiha
--

CREATE INDEX afiha_posts_title_0253fc93 ON public.afiha_posts USING btree (title);


--
-- Name: afiha_posts_title_0253fc93_like; Type: INDEX; Schema: public; Owner: master_afiha
--

CREATE INDEX afiha_posts_title_0253fc93_like ON public.afiha_posts USING btree (title varchar_pattern_ops);


--
-- Name: auth_group_name_a6ea08ec_like; Type: INDEX; Schema: public; Owner: master_afiha
--

CREATE INDEX auth_group_name_a6ea08ec_like ON public.auth_group USING btree (name varchar_pattern_ops);


--
-- Name: auth_group_permissions_group_id_b120cbf9; Type: INDEX; Schema: public; Owner: master_afiha
--

CREATE INDEX auth_group_permissions_group_id_b120cbf9 ON public.auth_group_permissions USING btree (group_id);


--
-- Name: auth_group_permissions_permission_id_84c5c92e; Type: INDEX; Schema: public; Owner: master_afiha
--

CREATE INDEX auth_group_permissions_permission_id_84c5c92e ON public.auth_group_permissions USING btree (permission_id);


--
-- Name: auth_permission_content_type_id_2f476e4b; Type: INDEX; Schema: public; Owner: master_afiha
--

CREATE INDEX auth_permission_content_type_id_2f476e4b ON public.auth_permission USING btree (content_type_id);


--
-- Name: auth_user_groups_group_id_97559544; Type: INDEX; Schema: public; Owner: master_afiha
--

CREATE INDEX auth_user_groups_group_id_97559544 ON public.auth_user_groups USING btree (group_id);


--
-- Name: auth_user_groups_user_id_6a12ed8b; Type: INDEX; Schema: public; Owner: master_afiha
--

CREATE INDEX auth_user_groups_user_id_6a12ed8b ON public.auth_user_groups USING btree (user_id);


--
-- Name: auth_user_user_permissions_permission_id_1fbb5f2c; Type: INDEX; Schema: public; Owner: master_afiha
--

CREATE INDEX auth_user_user_permissions_permission_id_1fbb5f2c ON public.auth_user_user_permissions USING btree (permission_id);


--
-- Name: auth_user_user_permissions_user_id_a95ead1b; Type: INDEX; Schema: public; Owner: master_afiha
--

CREATE INDEX auth_user_user_permissions_user_id_a95ead1b ON public.auth_user_user_permissions USING btree (user_id);


--
-- Name: auth_user_username_6821ab7c_like; Type: INDEX; Schema: public; Owner: master_afiha
--

CREATE INDEX auth_user_username_6821ab7c_like ON public.auth_user USING btree (username varchar_pattern_ops);


--
-- Name: django_admin_log_content_type_id_c4bce8eb; Type: INDEX; Schema: public; Owner: master_afiha
--

CREATE INDEX django_admin_log_content_type_id_c4bce8eb ON public.django_admin_log USING btree (content_type_id);


--
-- Name: django_admin_log_user_id_c564eba6; Type: INDEX; Schema: public; Owner: master_afiha
--

CREATE INDEX django_admin_log_user_id_c564eba6 ON public.django_admin_log USING btree (user_id);


--
-- Name: django_session_expire_date_a5c62663; Type: INDEX; Schema: public; Owner: master_afiha
--

CREATE INDEX django_session_expire_date_a5c62663 ON public.django_session USING btree (expire_date);


--
-- Name: django_session_session_key_c0390e0f_like; Type: INDEX; Schema: public; Owner: master_afiha
--

CREATE INDEX django_session_session_key_c0390e0f_like ON public.django_session USING btree (session_key varchar_pattern_ops);


--
-- Name: afiha_event afiha_event_post_id_267ad69b_fk_afiha_posts_id; Type: FK CONSTRAINT; Schema: public; Owner: master_afiha
--

ALTER TABLE ONLY public.afiha_event
    ADD CONSTRAINT afiha_event_post_id_267ad69b_fk_afiha_posts_id FOREIGN KEY (post_id) REFERENCES public.afiha_posts(id) DEFERRABLE INITIALLY DEFERRED;


--
-- Name: auth_group_permissions auth_group_permissio_permission_id_84c5c92e_fk_auth_perm; Type: FK CONSTRAINT; Schema: public; Owner: master_afiha
--

ALTER TABLE ONLY public.auth_group_permissions
    ADD CONSTRAINT auth_group_permissio_permission_id_84c5c92e_fk_auth_perm FOREIGN KEY (permission_id) REFERENCES public.auth_permission(id) DEFERRABLE INITIALLY DEFERRED;


--
-- Name: auth_group_permissions auth_group_permissions_group_id_b120cbf9_fk_auth_group_id; Type: FK CONSTRAINT; Schema: public; Owner: master_afiha
--

ALTER TABLE ONLY public.auth_group_permissions
    ADD CONSTRAINT auth_group_permissions_group_id_b120cbf9_fk_auth_group_id FOREIGN KEY (group_id) REFERENCES public.auth_group(id) DEFERRABLE INITIALLY DEFERRED;


--
-- Name: auth_permission auth_permission_content_type_id_2f476e4b_fk_django_co; Type: FK CONSTRAINT; Schema: public; Owner: master_afiha
--

ALTER TABLE ONLY public.auth_permission
    ADD CONSTRAINT auth_permission_content_type_id_2f476e4b_fk_django_co FOREIGN KEY (content_type_id) REFERENCES public.django_content_type(id) DEFERRABLE INITIALLY DEFERRED;


--
-- Name: auth_user_groups auth_user_groups_group_id_97559544_fk_auth_group_id; Type: FK CONSTRAINT; Schema: public; Owner: master_afiha
--

ALTER TABLE ONLY public.auth_user_groups
    ADD CONSTRAINT auth_user_groups_group_id_97559544_fk_auth_group_id FOREIGN KEY (group_id) REFERENCES public.auth_group(id) DEFERRABLE INITIALLY DEFERRED;


--
-- Name: auth_user_groups auth_user_groups_user_id_6a12ed8b_fk_auth_user_id; Type: FK CONSTRAINT; Schema: public; Owner: master_afiha
--

ALTER TABLE ONLY public.auth_user_groups
    ADD CONSTRAINT auth_user_groups_user_id_6a12ed8b_fk_auth_user_id FOREIGN KEY (user_id) REFERENCES public.auth_user(id) DEFERRABLE INITIALLY DEFERRED;


--
-- Name: auth_user_user_permissions auth_user_user_permi_permission_id_1fbb5f2c_fk_auth_perm; Type: FK CONSTRAINT; Schema: public; Owner: master_afiha
--

ALTER TABLE ONLY public.auth_user_user_permissions
    ADD CONSTRAINT auth_user_user_permi_permission_id_1fbb5f2c_fk_auth_perm FOREIGN KEY (permission_id) REFERENCES public.auth_permission(id) DEFERRABLE INITIALLY DEFERRED;


--
-- Name: auth_user_user_permissions auth_user_user_permissions_user_id_a95ead1b_fk_auth_user_id; Type: FK CONSTRAINT; Schema: public; Owner: master_afiha
--

ALTER TABLE ONLY public.auth_user_user_permissions
    ADD CONSTRAINT auth_user_user_permissions_user_id_a95ead1b_fk_auth_user_id FOREIGN KEY (user_id) REFERENCES public.auth_user(id) DEFERRABLE INITIALLY DEFERRED;


--
-- Name: django_admin_log django_admin_log_content_type_id_c4bce8eb_fk_django_co; Type: FK CONSTRAINT; Schema: public; Owner: master_afiha
--

ALTER TABLE ONLY public.django_admin_log
    ADD CONSTRAINT django_admin_log_content_type_id_c4bce8eb_fk_django_co FOREIGN KEY (content_type_id) REFERENCES public.django_content_type(id) DEFERRABLE INITIALLY DEFERRED;


--
-- Name: django_admin_log django_admin_log_user_id_c564eba6_fk_auth_user_id; Type: FK CONSTRAINT; Schema: public; Owner: master_afiha
--

ALTER TABLE ONLY public.django_admin_log
    ADD CONSTRAINT django_admin_log_user_id_c564eba6_fk_auth_user_id FOREIGN KEY (user_id) REFERENCES public.auth_user(id) DEFERRABLE INITIALLY DEFERRED;


--
-- PostgreSQL database dump complete
--

